EntryTime,ExitTime,Symbol,Side,EntryPrice,ExitPrice
2025-12-22 08:03:25.867599,2025-12-22 10:48:25.867591,BTCUSDT,SELL,87238.72,87191.51
2025-12-22 13:33:25.867583,2025-12-22 13:48:25.867582,BTCUSDT,BUY,87144.89,87150.43
2025-12-22 14:33:25.867580,2025-12-22 14:48:25.867579,BTCUSDT,SELL,87144.58,87104.96
2025-12-22 17:33:25.867571,2025-12-22 17:48:25.867571,BTCUSDT,BUY,87155.81,87175.51
2025-12-22 18:48:25.867568,2025-12-23 01:33:25.867548,BTCUSDT,BUY,87180.02,87298.32
2025-12-23 02:18:25.867546,2025-12-23 02:33:25.867545,BTCUSDT,BUY,87293.07,87298.26
2025-12-23 04:48:25.867538,2025-12-23 05:18:25.867537,BTCUSDT,SELL,87347.04,87277.57
2025-12-23 06:18:25.867534,2025-12-23 10:18:25.867522,BTCUSDT,BUY,87439.47,87513.88
2025-12-23 10:33:25.867521,2025-12-23 11:03:25.867520,BTCUSDT,SELL,87515.81,87462.02
2025-12-23 12:48:25.867515,2025-12-23 13:18:25.867513,BTCUSDT,SELL,87532.14,87476.98
2025-12-23 14:03:25.867511,2025-12-23 14:18:25.867510,BTCUSDT,SELL,87458.93,87455.49
2025-12-23 15:18:25.867507,2025-12-23 15:33:25.867506,BTCUSDT,SELL,87450.56,87436.32
2025-12-23 16:33:25.867504,2025-12-23 16:48:25.867503,BTCUSDT,BUY,87444.0,87471.54
2025-12-23 17:18:25.867501,2025-12-23 19:48:25.867494,BTCUSDT,SELL,87566.18,87401.84
2025-12-24 05:03:25.867467,2025-12-24 05:33:25.867465,BTCUSDT,BUY,87425.19,87430.81
2025-12-24 05:48:25.867464,2025-12-24 14:33:25.867438,BTCUSDT,BUY,87449.12,87661.25
2025-12-24 20:33:25.867420,2025-12-24 22:48:25.867414,BTCUSDT,BUY,87576.16,87599.39
2025-12-24 23:03:25.867413,2025-12-25 02:03:25.867404,BTCUSDT,SELL,87642.93,87640.96
2025-12-25 03:03:25.867401,2025-12-25 03:48:25.867399,BTCUSDT,SELL,87740.52,87711.02
2025-12-25 04:33:25.867397,2025-12-25 05:18:25.867394,BTCUSDT,SELL,87761.74,87736.89
2025-12-25 05:33:25.867394,2025-12-25 06:33:25.867391,BTCUSDT,SELL,87733.45,87704.93
2025-12-25 07:03:25.867389,2025-12-25 07:18:25.867388,BTCUSDT,BUY,87692.83,87711.52
2025-12-25 07:33:25.867388,2025-12-25 07:48:25.867387,BTCUSDT,SELL,87679.49,87675.22
2025-12-25 08:48:25.867384,2025-12-25 09:03:25.867383,BTCUSDT,SELL,87681.87,87635.85
2025-12-25 10:18:25.867380,2025-12-25 14:18:25.867363,BTCUSDT,BUY,87711.7,87833.08
2025-12-25 14:33:25.867362,2025-12-25 15:48:25.867359,BTCUSDT,SELL,87878.15,87835.06
2025-12-26 02:03:25.867327,2025-12-26 03:18:25.867323,BTCUSDT,SELL,87735.54,87599.43
2025-12-27 05:18:25.867243,2025-12-27 07:33:25.867236,BTCUSDT,SELL,87268.1,87245.33
2025-12-27 09:03:25.867231,2025-12-27 10:18:25.867227,BTCUSDT,SELL,87330.86,87318.13
2025-12-27 10:33:25.867226,2025-12-27 17:03:25.867206,BTCUSDT,BUY,87337.76,87477.18
2025-12-27 21:48:25.867191,2025-12-28 00:18:25.867183,BTCUSDT,SELL,87431.79,87364.0
2025-12-28 01:03:25.867180,2025-12-28 01:18:25.867178,BTCUSDT,BUY,87321.94,87354.69
