timestamp,Open,High,Low,Close,Volume
2025-12-21 01:48:25.867695,87500.0,87500.73,87483.43,87496.29,22.24
2025-12-21 02:03:25.867694,87514.9,87533.4,87489.62,87523.23,13.17
2025-12-21 02:18:25.867693,87510.75,87517.49,87481.4,87523.47,5.54
2025-12-21 02:33:25.867692,87530.18,87543.14,87517.47,87531.17,8.57
2025-12-21 02:48:25.867692,87575.88,87594.57,87568.1,87583.01,6.99
2025-12-21 03:03:25.867691,87568.85,87596.99,87558.25,87571.2,12.94
2025-12-21 03:18:25.867690,87561.83,87584.35,87552.64,87567.99,10.86
2025-12-21 03:33:25.867689,87609.2,87612.5,87571.56,87596.79,12.59
2025-12-21 03:48:25.867689,87632.23,87644.06,87627.79,87638.29,17.48
2025-12-21 04:03:25.867688,87618.14,87650.61,87616.44,87600.61,23.97
2025-12-21 04:18:25.867687,87634.42,87648.97,87619.87,87638.41,22.37
2025-12-21 04:33:25.867687,87620.52,87650.23,87600.83,87617.16,5.45
2025-12-21 04:48:25.867686,87606.54,87640.0,87583.47,87589.44,17.67
2025-12-21 05:03:25.867685,87613.8,87627.57,87597.98,87600.92,10.45
2025-12-21 05:18:25.867684,87556.4,87577.41,87534.45,87546.62,10.48
2025-12-21 05:33:25.867684,87504.66,87544.71,87477.48,87499.97,5.22
2025-12-21 05:48:25.867683,87487.79,87513.06,87465.23,87497.62,17.01
2025-12-21 06:03:25.867682,87457.4,87467.37,87432.3,87455.82,12.66
2025-12-21 06:18:25.867681,87466.83,87494.9,87453.08,87467.09,8.33
2025-12-21 06:33:25.867681,87439.59,87456.11,87417.6,87425.25,12.79
2025-12-21 06:48:25.867680,87397.22,87423.03,87386.45,87383.7,19.38
2025-12-21 07:03:25.867679,87441.19,87466.93,87438.73,87462.0,23.74
2025-12-21 07:18:25.867679,87434.42,87451.37,87423.0,87441.42,5.62
2025-12-21 07:33:25.867678,87436.44,87462.52,87431.63,87436.39,16.94
2025-12-21 07:48:25.867677,87393.7,87407.11,87362.21,87386.67,7.13
2025-12-21 08:03:25.867676,87377.37,87399.17,87360.72,87397.12,13.7
2025-12-21 08:18:25.867676,87380.7,87400.22,87353.62,87375.07,20.99
2025-12-21 08:33:25.867675,87346.17,87355.29,87316.87,87328.54,6.83
2025-12-21 08:48:25.867674,87357.44,87388.88,87338.18,87363.64,8.7
2025-12-21 09:03:25.867673,87339.42,87370.06,87318.22,87347.59,18.18
2025-12-21 09:18:25.867673,87330.67,87356.85,87302.33,87335.26,9.99
2025-12-21 09:33:25.867672,87312.62,87317.35,87293.2,87320.8,5.68
2025-12-21 09:48:25.867671,87368.18,87389.52,87359.0,87378.72,23.49
2025-12-21 10:03:25.867670,87367.78,87399.07,87348.58,87363.13,21.58
2025-12-21 10:18:25.867670,87336.05,87364.91,87315.09,87331.43,9.6
2025-12-21 10:33:25.867669,87360.73,87370.3,87327.95,87358.11,11.31
2025-12-21 10:48:25.867668,87324.1,87345.45,87289.63,87326.07,11.38
2025-12-21 11:03:25.867668,87330.37,87359.04,87307.54,87316.87,5.49
2025-12-21 11:18:25.867667,87271.58,87297.43,87250.75,87282.23,23.78
2025-12-21 11:33:25.867666,87231.73,87263.96,87218.56,87226.63,17.55
2025-12-21 11:48:25.867665,87237.64,87242.48,87222.09,87252.17,13.43
2025-12-21 12:03:25.867665,87259.79,87271.06,87231.85,87256.79,10.74
2025-12-21 12:18:25.867664,87264.93,87276.88,87254.97,87257.25,5.84
2025-12-21 12:33:25.867663,87261.46,87262.12,87253.54,87250.76,24.0
2025-12-21 12:48:25.867662,87252.43,87279.25,87222.59,87250.29,23.89
2025-12-21 13:03:25.867662,87208.07,87251.17,87194.71,87219.74,15.25
2025-12-21 13:18:25.867661,87186.48,87222.69,87172.85,87181.17,9.41
2025-12-21 13:33:25.867660,87172.66,87198.21,87158.89,87167.7,24.38
2025-12-21 13:48:25.867659,87204.37,87222.69,87170.17,87198.66,18.92
2025-12-21 14:03:25.867659,87214.68,87238.12,87198.45,87207.63,15.74
2025-12-21 14:18:25.867658,87161.79,87174.75,87126.31,87179.75,6.83
2025-12-21 14:33:25.867657,87171.51,87187.89,87145.67,87176.95,16.02
2025-12-21 14:48:25.867657,87159.96,87190.8,87141.73,87151.98,12.45
2025-12-21 15:03:25.867656,87139.65,87168.49,87129.16,87131.24,9.4
2025-12-21 15:18:25.867655,87158.0,87177.92,87143.18,87160.24,22.02
2025-12-21 15:33:25.867654,87188.93,87203.74,87177.63,87200.99,11.96
2025-12-21 15:48:25.867654,87216.87,87240.3,87190.05,87235.34,10.34
2025-12-21 16:03:25.867653,87191.69,87214.09,87168.64,87201.02,22.35
2025-12-21 16:18:25.867652,87182.42,87206.63,87154.21,87187.49,18.95
2025-12-21 16:33:25.867651,87192.36,87222.44,87157.04,87185.86,22.62
2025-12-21 16:48:25.867651,87221.62,87246.43,87203.29,87223.09,11.7
2025-12-21 17:03:25.867650,87207.25,87220.35,87182.3,87211.43,15.15
2025-12-21 17:18:25.867649,87201.68,87225.68,87179.77,87202.14,17.64
2025-12-21 17:33:25.867649,87168.49,87196.02,87161.99,87183.44,7.14
2025-12-21 17:48:25.867648,87132.6,87154.74,87110.11,87148.37,24.26
2025-12-21 18:03:25.867647,87156.98,87189.07,87151.39,87158.73,6.36
2025-12-21 18:18:25.867646,87197.66,87221.75,87166.93,87187.4,6.35
2025-12-21 18:33:25.867646,87195.5,87197.4,87165.85,87190.7,22.43
2025-12-21 18:48:25.867645,87225.61,87246.89,87211.2,87229.38,20.17
2025-12-21 19:03:25.867644,87236.46,87255.15,87236.11,87243.78,13.92
2025-12-21 19:18:25.867643,87217.1,87247.91,87211.58,87195.12,8.27
2025-12-21 19:33:25.867643,87227.95,87254.43,87198.07,87239.16,10.47
2025-12-21 19:48:25.867642,87274.09,87307.19,87247.59,87273.1,13.39
2025-12-21 20:03:25.867641,87273.01,87280.74,87236.41,87281.99,9.6
2025-12-21 20:18:25.867640,87319.95,87337.89,87312.47,87334.39,22.29
2025-12-21 20:33:25.867640,87241.36,87266.41,87221.65,87244.06,20.53
2025-12-21 20:48:25.867639,87266.02,87283.72,87240.32,87270.49,20.22
2025-12-21 21:03:25.867638,87268.63,87279.18,87245.4,87281.12,14.63
2025-12-21 21:18:25.867637,87259.66,87284.57,87246.42,87277.67,9.01
2025-12-21 21:33:25.867635,87262.41,87275.0,87242.55,87246.5,20.95
2025-12-21 21:48:25.867634,87202.78,87228.43,87187.25,87183.89,5.23
2025-12-21 22:03:25.867633,87196.19,87214.46,87183.08,87220.92,10.83
2025-12-21 22:18:25.867633,87206.91,87221.95,87179.05,87211.16,20.6
2025-12-21 22:33:25.867632,87251.24,87271.0,87236.95,87248.61,24.73
2025-12-21 22:48:25.867631,87235.7,87251.66,87215.73,87224.11,17.36
2025-12-21 23:03:25.867630,87211.44,87236.69,87173.62,87202.68,12.01
2025-12-21 23:18:25.867630,87196.39,87216.76,87186.4,87193.58,16.35
2025-12-21 23:33:25.867629,87223.85,87253.74,87197.62,87218.92,7.09
2025-12-21 23:48:25.867628,87233.71,87249.26,87199.72,87242.96,5.63
2025-12-22 00:03:25.867627,87217.82,87255.94,87194.24,87221.75,21.03
2025-12-22 00:18:25.867627,87233.22,87260.03,87202.72,87227.87,6.6
2025-12-22 00:33:25.867626,87236.13,87257.28,87206.63,87234.15,17.87
2025-12-22 00:48:25.867625,87265.19,87298.36,87227.83,87267.17,6.63
2025-12-22 01:03:25.867620,87244.13,87253.81,87229.42,87250.31,14.96
2025-12-22 01:18:25.867619,87234.3,87265.59,87197.02,87238.66,9.57
2025-12-22 01:33:25.867618,87222.53,87231.26,87196.89,87217.51,5.61
2025-12-22 01:48:25.867618,87178.63,87200.75,87161.2,87161.94,22.37
2025-12-22 02:03:25.867617,87187.51,87216.84,87158.78,87168.87,12.42
2025-12-22 02:18:25.867616,87195.34,87206.33,87173.1,87205.82,13.77
2025-12-22 02:33:25.867615,87195.5,87214.44,87157.69,87179.17,16.85
2025-12-22 02:48:25.867615,87188.46,87202.73,87153.7,87202.26,19.66
2025-12-22 03:03:25.867614,87146.0,87170.02,87132.86,87149.24,14.85
2025-12-22 03:18:25.867613,87133.38,87150.47,87107.94,87129.67,13.91
2025-12-22 03:33:25.867613,87123.1,87125.44,87100.75,87111.54,12.82
2025-12-22 03:48:25.867612,87099.03,87122.22,87091.98,87110.64,20.47
2025-12-22 04:03:25.867611,87094.19,87098.63,87076.92,87073.24,21.58
2025-12-22 04:18:25.867610,87106.31,87128.85,87101.88,87102.03,17.34
2025-12-22 04:33:25.867610,87162.9,87174.51,87137.69,87171.37,14.49
2025-12-22 04:48:25.867609,87168.14,87200.36,87144.32,87172.44,16.71
2025-12-22 05:03:25.867608,87175.86,87192.83,87152.07,87172.59,6.14
2025-12-22 05:18:25.867607,87173.63,87188.12,87146.35,87174.15,5.79
2025-12-22 05:33:25.867607,87116.07,87134.76,87106.42,87114.17,15.14
2025-12-22 05:48:25.867606,87115.27,87139.75,87086.11,87118.74,14.09
2025-12-22 06:03:25.867605,87117.08,87118.09,87067.7,87108.37,5.6
2025-12-22 06:18:25.867604,87190.97,87215.01,87159.89,87180.58,9.04
2025-12-22 06:33:25.867604,87185.2,87207.97,87171.71,87195.93,8.54
2025-12-22 06:48:25.867603,87194.25,87212.61,87165.55,87199.21,23.89
2025-12-22 07:03:25.867602,87193.21,87212.9,87153.17,87202.84,16.41
2025-12-22 07:18:25.867602,87158.15,87181.22,87127.09,87170.02,9.31
2025-12-22 07:33:25.867601,87192.43,87201.54,87156.12,87184.72,18.16
2025-12-22 07:48:25.867600,87214.99,87237.96,87195.63,87218.28,22.42
2025-12-22 08:03:25.867599,87238.72,87262.13,87204.37,87244.37,13.08
2025-12-22 08:18:25.867599,87211.44,87235.0,87179.55,87199.16,21.16
2025-12-22 08:33:25.867598,87253.52,87280.74,87227.17,87266.42,7.4
2025-12-22 08:48:25.867597,87211.47,87228.86,87193.2,87211.62,11.49
2025-12-22 09:03:25.867596,87229.07,87236.29,87225.51,87220.22,13.97
2025-12-22 09:18:25.867596,87294.79,87330.31,87281.18,87281.56,9.55
2025-12-22 09:33:25.867595,87265.07,87286.77,87252.07,87275.97,14.27
2025-12-22 09:48:25.867594,87248.08,87283.42,87218.27,87244.84,15.38
2025-12-22 10:03:25.867593,87251.07,87266.53,87231.27,87239.51,12.98
2025-12-22 10:18:25.867593,87235.97,87240.64,87205.74,87260.37,17.16
2025-12-22 10:33:25.867592,87189.45,87216.25,87163.69,87186.92,23.54
2025-12-22 10:48:25.867591,87191.51,87215.43,87179.05,87188.7,14.72
2025-12-22 11:03:25.867591,87159.64,87170.93,87149.48,87169.35,15.78
2025-12-22 11:18:25.867590,87173.84,87187.67,87144.66,87158.14,19.32
2025-12-22 11:33:25.867589,87146.26,87160.23,87142.13,87144.92,18.62
2025-12-22 11:48:25.867588,87192.76,87211.17,87171.71,87179.42,19.18
2025-12-22 12:03:25.867588,87169.26,87190.87,87158.63,87183.24,16.0
2025-12-22 12:18:25.867587,87159.6,87178.85,87138.35,87155.31,24.03
2025-12-22 12:33:25.867586,87184.01,87216.07,87160.17,87181.17,9.24
2025-12-22 12:48:25.867585,87147.08,87171.09,87141.11,87164.58,21.8
2025-12-22 13:03:25.867585,87153.9,87171.15,87126.39,87161.38,10.5
2025-12-22 13:18:25.867584,87193.12,87206.11,87176.07,87205.6,18.35
2025-12-22 13:33:25.867583,87144.89,87167.29,87132.71,87167.12,8.36
2025-12-22 13:48:25.867582,87150.43,87158.05,87124.09,87154.57,9.33
2025-12-22 14:03:25.867582,87158.23,87190.47,87121.99,87142.86,12.82
2025-12-22 14:18:25.867581,87181.68,87204.36,87162.57,87207.48,24.76
2025-12-22 14:33:25.867580,87144.58,87168.72,87132.3,87130.22,19.35
2025-12-22 14:48:25.867579,87104.96,87105.83,87079.27,87121.25,10.48
2025-12-22 15:03:25.867579,87120.62,87129.61,87107.73,87114.75,15.38
2025-12-22 15:18:25.867578,87129.53,87147.55,87107.19,87113.97,22.6
2025-12-22 15:33:25.867577,87137.04,87161.67,87095.87,87125.32,18.39
2025-12-22 15:48:25.867576,87147.44,87155.1,87110.71,87151.63,14.3
2025-12-22 16:03:25.867576,87127.04,87148.0,87113.85,87117.13,15.72
2025-12-22 16:18:25.867575,87134.0,87160.3,87115.12,87124.97,20.12
2025-12-22 16:33:25.867574,87142.8,87175.94,87134.94,87137.46,8.05
2025-12-22 16:48:25.867573,87121.37,87127.29,87089.23,87122.78,15.42
2025-12-22 17:03:25.867573,87177.34,87189.85,87155.09,87172.06,21.52
2025-12-22 17:18:25.867572,87191.55,87215.17,87164.47,87201.12,5.72
2025-12-22 17:33:25.867571,87155.81,87165.11,87144.71,87148.77,23.74
2025-12-22 17:48:25.867571,87175.51,87193.12,87173.87,87180.59,12.94
2025-12-22 18:03:25.867570,87146.27,87187.83,87137.59,87154.63,14.94
2025-12-22 18:18:25.867569,87169.88,87190.2,87149.07,87168.89,12.61
2025-12-22 18:33:25.867568,87204.64,87230.33,87178.65,87199.57,13.06
2025-12-22 18:48:25.867568,87180.02,87197.66,87154.66,87171.04,11.92
2025-12-22 19:03:25.867567,87208.92,87229.43,87187.22,87206.67,22.24
2025-12-22 19:18:25.867566,87221.31,87243.28,87201.56,87229.48,17.13
2025-12-22 19:33:25.867565,87245.97,87259.46,87220.67,87220.71,7.93
2025-12-22 19:48:25.867565,87302.87,87323.51,87288.97,87301.0,5.52
2025-12-22 20:03:25.867564,87295.51,87320.59,87274.97,87277.49,15.12
2025-12-22 20:18:25.867563,87272.9,87286.43,87262.29,87271.46,17.82
2025-12-22 20:33:25.867562,87246.21,87271.61,87239.04,87236.55,6.23
2025-12-22 20:48:25.867562,87221.74,87245.91,87203.87,87236.65,6.16
2025-12-22 21:03:25.867561,87219.42,87233.79,87203.53,87215.75,7.02
2025-12-22 21:18:25.867560,87229.66,87242.59,87213.54,87231.36,15.19
2025-12-22 21:33:25.867559,87237.96,87242.62,87208.84,87242.96,13.52
2025-12-22 21:48:25.867559,87262.78,87305.66,87256.44,87260.53,12.36
2025-12-22 22:03:25.867558,87263.17,87295.24,87246.33,87271.95,5.22
2025-12-22 22:18:25.867557,87306.77,87334.39,87292.54,87280.86,5.38
2025-12-22 22:33:25.867557,87298.83,87327.46,87286.8,87299.92,9.3
2025-12-22 22:48:25.867556,87380.44,87389.25,87360.59,87386.23,7.19
2025-12-22 23:03:25.867555,87399.21,87399.61,87358.6,87387.28,11.49
2025-12-22 23:18:25.867554,87373.49,87393.09,87355.22,87390.61,12.52
2025-12-22 23:33:25.867554,87341.37,87352.62,87338.6,87344.21,24.11
2025-12-22 23:48:25.867553,87355.84,87377.91,87342.53,87366.24,18.76
2025-12-23 00:03:25.867552,87349.14,87353.14,87333.2,87348.25,17.74
2025-12-23 00:18:25.867551,87370.56,87399.77,87343.13,87373.55,17.73
2025-12-23 00:33:25.867551,87384.75,87398.35,87363.07,87372.84,19.75
2025-12-23 00:48:25.867550,87382.57,87403.19,87342.43,87383.93,5.83
2025-12-23 01:03:25.867549,87357.16,87379.53,87341.71,87349.14,10.93
2025-12-23 01:18:25.867548,87311.72,87344.71,87279.71,87305.15,18.23
2025-12-23 01:33:25.867548,87298.32,87313.81,87282.68,87301.15,20.29
2025-12-23 01:48:25.867547,87324.02,87336.94,87294.05,87316.45,17.49
2025-12-23 02:03:25.867546,87330.44,87337.91,87315.46,87333.25,20.49
2025-12-23 02:18:25.867546,87293.07,87303.81,87268.51,87314.72,5.84
2025-12-23 02:33:25.867545,87298.26,87332.82,87260.27,87305.72,18.13
2025-12-23 02:48:25.867544,87309.82,87335.76,87293.47,87301.43,23.56
2025-12-23 03:03:25.867543,87283.31,87297.36,87276.12,87265.93,17.26
2025-12-23 03:18:25.867543,87287.92,87288.44,87270.13,87285.15,22.74
2025-12-23 03:33:25.867542,87289.66,87296.26,87260.53,87292.7,21.93
2025-12-23 03:48:25.867541,87255.37,87278.03,87237.05,87258.2,20.1
2025-12-23 04:03:25.867540,87266.11,87298.25,87247.51,87274.99,18.12
2025-12-23 04:18:25.867540,87282.93,87310.28,87261.12,87269.96,24.69
2025-12-23 04:33:25.867539,87315.42,87334.48,87296.28,87323.55,9.27
2025-12-23 04:48:25.867538,87347.04,87372.82,87314.65,87347.25,19.66
2025-12-23 05:03:25.867537,87305.71,87348.71,87274.95,87286.72,16.3
2025-12-23 05:18:25.867537,87277.57,87298.36,87250.04,87281.38,17.73
2025-12-23 05:33:25.867536,87293.02,87306.8,87268.24,87290.52,9.93
2025-12-23 05:48:25.867535,87308.44,87328.24,87290.53,87299.93,21.0
2025-12-23 06:03:25.867535,87323.89,87346.49,87317.89,87331.09,8.76
2025-12-23 06:18:25.867534,87439.47,87473.94,87407.5,87433.37,16.08
2025-12-23 06:33:25.867533,87456.6,87462.1,87447.66,87452.05,22.53
2025-12-23 06:48:25.867532,87490.66,87502.46,87453.39,87486.67,22.72
2025-12-23 07:03:25.867532,87519.28,87522.3,87484.71,87536.09,5.06
2025-12-23 07:18:25.867531,87538.83,87551.32,87534.08,87551.45,20.88
2025-12-23 07:33:25.867530,87529.37,87551.18,87517.73,87551.51,6.3
2025-12-23 07:48:25.867529,87552.14,87569.18,87516.72,87572.2,16.21
2025-12-23 08:03:25.867528,87528.95,87565.26,87499.39,87522.7,21.5
2025-12-23 08:18:25.867528,87521.85,87550.13,87510.03,87521.81,6.17
2025-12-23 08:33:25.867527,87507.29,87538.45,87493.78,87516.76,15.35
2025-12-23 08:48:25.867526,87509.74,87536.56,87501.16,87507.81,11.56
2025-12-23 09:03:25.867526,87579.18,87590.75,87560.53,87583.98,19.71
2025-12-23 09:18:25.867525,87523.16,87529.51,87513.41,87541.71,17.72
2025-12-23 09:33:25.867524,87543.75,87560.26,87521.14,87555.23,12.68
2025-12-23 09:48:25.867523,87495.37,87512.33,87456.52,87510.8,8.69
2025-12-23 10:03:25.867523,87481.21,87487.1,87472.96,87475.94,15.36
2025-12-23 10:18:25.867522,87513.88,87541.6,87490.65,87512.41,10.19
2025-12-23 10:33:25.867521,87515.81,87546.14,87497.76,87512.12,21.05
2025-12-23 10:48:25.867520,87483.48,87507.5,87475.18,87454.75,7.67
2025-12-23 11:03:25.867520,87462.02,87484.08,87445.8,87433.31,19.59
2025-12-23 11:18:25.867519,87482.41,87500.8,87468.43,87487.09,17.2
2025-12-23 11:33:25.867518,87460.5,87484.45,87446.23,87464.03,6.38
2025-12-23 11:48:25.867517,87466.99,87488.2,87447.99,87464.95,10.23
2025-12-23 12:03:25.867517,87468.36,87491.91,87450.57,87459.95,20.19
2025-12-23 12:18:25.867516,87448.81,87459.58,87413.88,87446.1,6.31
2025-12-23 12:33:25.867515,87513.13,87527.87,87493.27,87514.14,13.22
2025-12-23 12:48:25.867515,87532.14,87540.83,87504.78,87529.33,5.44
2025-12-23 13:03:25.867514,87471.39,87493.86,87450.52,87478.41,6.05
2025-12-23 13:18:25.867513,87476.98,87497.95,87472.61,87471.69,19.62
2025-12-23 13:33:25.867512,87457.13,87466.03,87431.46,87443.8,24.44
2025-12-23 13:48:25.867512,87482.7,87526.85,87478.85,87494.35,7.28
2025-12-23 14:03:25.867511,87458.93,87474.66,87444.35,87465.26,16.22
2025-12-23 14:18:25.867510,87455.49,87470.99,87445.64,87456.1,22.2
2025-12-23 14:33:25.867509,87470.63,87487.68,87449.11,87474.43,6.63
2025-12-23 14:48:25.867509,87496.61,87534.72,87487.33,87467.39,8.32
2025-12-23 15:03:25.867508,87460.6,87476.11,87420.5,87478.3,15.91
2025-12-23 15:18:25.867507,87450.56,87460.22,87430.36,87443.28,21.13
2025-12-23 15:33:25.867506,87436.32,87449.84,87416.9,87430.03,10.17
2025-12-23 15:48:25.867506,87416.72,87442.74,87401.54,87407.18,20.14
2025-12-23 16:03:25.867505,87469.68,87475.22,87448.73,87466.07,14.02
2025-12-23 16:18:25.867504,87481.83,87506.94,87453.0,87481.05,15.77
2025-12-23 16:33:25.867504,87444.0,87454.27,87424.06,87454.39,12.61
2025-12-23 16:48:25.867503,87471.54,87496.59,87450.4,87457.15,10.74
2025-12-23 17:03:25.867502,87535.2,87558.83,87501.52,87547.08,12.92
2025-12-23 17:18:25.867501,87566.18,87591.54,87545.5,87574.7,8.16
2025-12-23 17:33:25.867501,87520.6,87550.42,87494.03,87528.93,23.12
2025-12-23 17:48:25.867500,87506.07,87521.79,87489.42,87502.03,8.68
2025-12-23 18:03:25.867499,87544.08,87567.06,87516.47,87542.08,17.31
2025-12-23 18:18:25.867498,87522.85,87531.21,87502.6,87536.97,24.34
2025-12-23 18:33:25.867498,87536.16,87558.81,87516.61,87547.65,8.32
2025-12-23 18:48:25.867497,87559.4,87593.72,87541.27,87569.26,8.24
2025-12-23 19:03:25.867496,87531.59,87551.92,87514.26,87549.52,22.81
2025-12-23 19:18:25.867495,87529.81,87552.04,87507.86,87526.27,8.75
2025-12-23 19:33:25.867495,87432.57,87455.28,87409.53,87450.65,11.29
2025-12-23 19:48:25.867494,87401.84,87425.34,87368.66,87400.65,14.19
2025-12-23 20:03:25.867493,87394.26,87413.35,87391.86,87389.27,8.48
2025-12-23 20:18:25.867493,87356.83,87386.75,87328.42,87362.29,7.01
2025-12-23 20:33:25.867492,87405.8,87420.14,87389.9,87399.17,19.98
2025-12-23 20:48:25.867491,87362.89,87363.19,87330.72,87378.11,12.05
2025-12-23 21:03:25.867490,87349.69,87368.66,87317.44,87350.07,7.53
2025-12-23 21:18:25.867490,87353.61,87374.97,87345.4,87365.49,18.73
2025-12-23 21:33:25.867489,87396.85,87412.83,87371.61,87391.76,17.86
2025-12-23 21:48:25.867488,87353.78,87381.55,87332.51,87373.17,11.11
2025-12-23 22:03:25.867487,87388.67,87418.96,87381.84,87395.91,18.3
2025-12-23 22:18:25.867486,87388.98,87415.65,87364.88,87386.57,18.41
2025-12-23 22:33:25.867486,87359.53,87369.87,87338.03,87342.48,22.29
2025-12-23 22:48:25.867485,87373.4,87376.17,87371.67,87381.87,24.54
2025-12-23 23:03:25.867484,87379.37,87397.49,87368.79,87377.15,22.17
2025-12-23 23:18:25.867483,87361.36,87385.58,87336.23,87358.77,20.08
2025-12-23 23:33:25.867483,87363.46,87392.34,87348.72,87370.05,7.25
2025-12-23 23:48:25.867482,87351.9,87368.03,87328.22,87370.28,6.93
2025-12-24 00:03:25.867481,87355.3,87356.45,87338.26,87339.24,11.0
2025-12-24 00:18:25.867480,87375.17,87402.96,87345.66,87392.27,22.85
2025-12-24 00:33:25.867480,87422.75,87450.09,87409.24,87423.58,24.91
2025-12-24 00:48:25.867479,87385.61,87400.94,87364.91,87397.23,6.27
2025-12-24 01:03:25.867478,87449.6,87473.08,87417.97,87452.25,21.59
2025-12-24 01:18:25.867478,87391.04,87417.46,87369.14,87401.05,15.35
2025-12-24 01:33:25.867477,87386.49,87388.39,87373.37,87401.23,17.04
2025-12-24 01:48:25.867476,87404.14,87420.62,87385.51,87413.66,17.14
2025-12-24 02:03:25.867475,87412.57,87444.78,87375.07,87402.42,15.25
2025-12-24 02:18:25.867475,87393.88,87421.71,87376.35,87385.45,14.75
2025-12-24 02:33:25.867474,87387.64,87411.88,87366.21,87402.43,15.13
2025-12-24 02:48:25.867473,87372.85,87398.96,87359.08,87374.8,10.09
2025-12-24 03:03:25.867472,87355.17,87370.77,87353.09,87352.97,8.92
2025-12-24 03:18:25.867472,87380.66,87381.34,87375.71,87388.26,9.14
2025-12-24 03:33:25.867471,87391.37,87409.32,87371.3,87402.21,16.44
2025-12-24 03:48:25.867470,87370.58,87384.81,87369.33,87371.73,23.64
2025-12-24 04:03:25.867469,87397.57,87409.78,87379.51,87388.71,11.9
2025-12-24 04:18:25.867469,87406.79,87429.47,87376.03,87407.0,14.87
2025-12-24 04:33:25.867468,87431.17,87447.18,87417.7,87417.4,13.22
2025-12-24 04:48:25.867467,87450.06,87451.48,87427.39,87455.15,17.16
2025-12-24 05:03:25.867467,87425.19,87454.41,87410.62,87426.64,18.73
2025-12-24 05:18:25.867466,87408.39,87422.24,87391.07,87399.48,14.12
2025-12-24 05:33:25.867465,87430.81,87441.93,87413.88,87446.02,6.42
2025-12-24 05:48:25.867464,87449.12,87464.21,87431.37,87442.62,23.83
2025-12-24 06:03:25.867464,87448.49,87480.75,87416.92,87460.25,5.2
2025-12-24 06:18:25.867463,87452.01,87454.67,87424.93,87454.34,17.25
2025-12-24 06:33:25.867462,87490.34,87514.16,87463.97,87490.92,7.84
2025-12-24 06:48:25.867461,87472.59,87485.15,87452.93,87470.51,10.9
2025-12-24 07:03:25.867461,87489.01,87535.79,87473.86,87469.41,19.58
2025-12-24 07:18:25.867460,87482.94,87510.27,87453.25,87487.21,18.85
2025-12-24 07:33:25.867459,87476.41,87514.81,87463.86,87466.97,20.78
2025-12-24 07:48:25.867459,87509.37,87518.43,87475.45,87506.87,21.45
2025-12-24 08:03:25.867458,87534.14,87535.94,87521.07,87515.78,17.02
2025-12-24 08:18:25.867457,87558.54,87590.25,87528.22,87569.81,12.49
2025-12-24 08:33:25.867456,87597.71,87615.17,87589.85,87588.06,5.51
2025-12-24 08:48:25.867456,87598.34,87614.03,87565.23,87612.29,11.81
2025-12-24 09:03:25.867455,87618.79,87637.29,87605.93,87629.9,17.12
2025-12-24 09:18:25.867454,87609.49,87617.65,87601.83,87603.56,24.76
2025-12-24 09:33:25.867453,87619.21,87658.12,87603.83,87618.75,5.55
2025-12-24 09:48:25.867452,87615.31,87623.84,87589.84,87615.37,12.68
2025-12-24 10:03:25.867452,87618.22,87627.24,87601.83,87600.18,23.0
2025-12-24 10:18:25.867451,87636.07,87652.52,87609.1,87632.73,17.06
2025-12-24 10:33:25.867450,87611.52,87616.13,87606.39,87616.81,8.08
2025-12-24 10:48:25.867449,87674.3,87674.69,87636.97,87696.61,20.24
2025-12-24 11:03:25.867449,87644.12,87661.92,87611.84,87633.48,8.89
2025-12-24 11:18:25.867448,87607.69,87618.96,87589.37,87602.97,10.4
2025-12-24 11:33:25.867447,87642.43,87663.04,87617.49,87652.05,7.78
2025-12-24 11:48:25.867446,87666.18,87667.94,87625.44,87656.99,14.78
2025-12-24 12:03:25.867446,87684.91,87707.83,87655.91,87704.51,9.03
2025-12-24 12:18:25.867445,87703.76,87735.03,87688.41,87702.7,14.51
2025-12-24 12:33:25.867444,87703.39,87708.14,87680.98,87706.05,22.4
2025-12-24 12:48:25.867444,87676.47,87714.16,87653.39,87672.56,7.5
2025-12-24 13:03:25.867443,87678.75,87692.09,87650.01,87677.5,24.62
2025-12-24 13:18:25.867442,87658.43,87666.71,87627.17,87657.92,16.77
2025-12-24 13:33:25.867441,87687.69,87693.2,87676.11,87694.08,12.73
2025-12-24 13:48:25.867441,87683.27,87696.02,87681.92,87714.65,16.55
2025-12-24 14:03:25.867440,87658.51,87690.45,87641.88,87662.66,24.12
2025-12-24 14:18:25.867439,87648.87,87683.79,87630.84,87647.35,22.08
2025-12-24 14:33:25.867438,87661.25,87692.91,87643.3,87659.9,15.21
2025-12-24 14:48:25.867438,87644.34,87674.38,87617.78,87646.29,5.38
2025-12-24 15:03:25.867437,87619.68,87659.25,87602.09,87629.2,7.69
2025-12-24 15:18:25.867436,87626.99,87658.0,87616.7,87613.19,21.09
2025-12-24 15:33:25.867435,87634.34,87645.39,87621.18,87628.98,5.29
2025-12-24 15:48:25.867435,87619.13,87647.69,87591.88,87624.29,19.81
2025-12-24 16:03:25.867434,87605.0,87629.21,87590.94,87611.97,20.32
2025-12-24 16:18:25.867433,87611.96,87643.78,87588.44,87622.66,6.77
2025-12-24 16:33:25.867433,87568.52,87580.31,87548.76,87552.11,6.32
2025-12-24 16:48:25.867432,87526.29,87529.97,87514.22,87523.21,21.16
2025-12-24 17:03:25.867431,87504.74,87525.04,87478.65,87500.11,15.01
2025-12-24 17:18:25.867430,87498.34,87516.14,87471.74,87507.71,6.0
2025-12-24 17:33:25.867430,87507.66,87526.05,87494.76,87497.68,10.62
2025-12-24 17:48:25.867429,87551.92,87564.29,87523.63,87549.98,11.43
2025-12-24 18:03:25.867428,87577.65,87582.24,87558.98,87578.44,17.07
2025-12-24 18:18:25.867427,87572.85,87593.09,87539.25,87559.77,7.46
2025-12-24 18:33:25.867427,87572.28,87592.36,87542.25,87594.16,17.5
2025-12-24 18:48:25.867426,87542.21,87549.3,87520.11,87537.29,9.84
2025-12-24 19:03:25.867425,87541.65,87570.09,87516.06,87544.02,15.4
2025-12-24 19:18:25.867424,87532.99,87566.69,87509.07,87527.9,10.43
2025-12-24 19:33:25.867424,87542.67,87544.34,87522.96,87546.03,6.09
2025-12-24 19:48:25.867423,87517.86,87528.38,87506.08,87529.07,5.0
2025-12-24 20:03:25.867422,87533.44,87547.18,87513.28,87542.99,6.25
2025-12-24 20:18:25.867421,87579.42,87589.09,87551.17,87570.75,11.33
2025-12-24 20:33:25.867420,87576.16,87593.43,87563.93,87583.44,11.27
2025-12-24 20:48:25.867420,87588.21,87603.33,87565.58,87590.14,13.68
2025-12-24 21:03:25.867419,87608.91,87626.65,87581.35,87608.26,12.75
2025-12-24 21:18:25.867418,87596.88,87636.69,87562.65,87606.14,5.09
2025-12-24 21:33:25.867417,87603.6,87628.82,87591.76,87605.51,20.22
2025-12-24 21:48:25.867417,87603.98,87624.66,87583.09,87605.95,10.96
2025-12-24 22:03:25.867416,87606.91,87628.94,87589.75,87602.53,12.2
2025-12-24 22:18:25.867415,87583.72,87605.11,87563.71,87589.73,13.65
2025-12-24 22:33:25.867414,87584.45,87590.04,87566.55,87570.41,6.05
2025-12-24 22:48:25.867414,87599.39,87605.23,87583.92,87613.92,21.44
2025-12-24 23:03:25.867413,87642.93,87658.96,87618.1,87639.22,22.6
2025-12-24 23:18:25.867412,87671.7,87712.74,87645.0,87660.99,17.16
2025-12-24 23:33:25.867411,87736.3,87748.88,87720.48,87749.05,11.31
2025-12-24 23:48:25.867411,87713.28,87741.38,87705.17,87729.71,19.26
2025-12-25 00:03:25.867410,87739.45,87761.37,87720.93,87730.66,6.16
2025-12-25 00:18:25.867409,87744.95,87750.82,87724.54,87734.93,10.35
2025-12-25 00:33:25.867408,87810.64,87815.39,87801.98,87808.46,13.09
2025-12-25 00:48:25.867408,87786.39,87792.78,87742.27,87794.24,5.2
2025-12-25 01:03:25.867407,87761.2,87786.58,87741.62,87781.38,11.24
2025-12-25 01:18:25.867406,87743.22,87765.38,87716.07,87750.4,15.43
2025-12-25 01:33:25.867405,87679.5,87697.13,87657.58,87689.31,15.36
2025-12-25 01:48:25.867405,87663.73,87676.31,87656.12,87649.06,5.03
2025-12-25 02:03:25.867404,87640.96,87670.84,87634.47,87647.66,14.16
2025-12-25 02:18:25.867403,87645.47,87672.24,87641.48,87637.18,6.31
2025-12-25 02:33:25.867403,87655.72,87668.29,87643.69,87672.44,14.48
2025-12-25 02:48:25.867402,87712.01,87730.93,87691.8,87714.31,24.26
2025-12-25 03:03:25.867401,87740.52,87758.46,87727.02,87733.9,7.82
2025-12-25 03:18:25.867400,87723.21,87737.23,87690.4,87728.79,16.57
2025-12-25 03:33:25.867400,87696.26,87719.52,87679.96,87683.28,18.48
2025-12-25 03:48:25.867399,87711.02,87746.8,87699.13,87698.44,23.35
2025-12-25 04:03:25.867398,87671.41,87688.78,87669.77,87674.71,6.24
2025-12-25 04:18:25.867397,87726.35,87752.55,87714.71,87747.25,7.69
2025-12-25 04:33:25.867397,87761.74,87782.12,87735.89,87761.78,18.59
2025-12-25 04:48:25.867396,87747.66,87751.4,87729.56,87744.09,21.14
2025-12-25 05:03:25.867395,87696.27,87738.15,87695.21,87690.63,8.31
2025-12-25 05:18:25.867394,87736.89,87756.05,87731.12,87734.22,6.0
2025-12-25 05:33:25.867394,87733.45,87757.93,87709.74,87733.93,10.19
2025-12-25 05:48:25.867393,87770.58,87793.9,87730.34,87756.95,6.46
2025-12-25 06:03:25.867392,87722.75,87744.38,87702.34,87728.24,23.16
2025-12-25 06:18:25.867391,87704.77,87718.96,87680.51,87704.96,20.15
2025-12-25 06:33:25.867391,87704.93,87724.08,87697.36,87695.31,17.81
2025-12-25 06:48:25.867390,87706.34,87734.64,87695.9,87711.06,16.3
2025-12-25 07:03:25.867389,87692.83,87712.77,87657.21,87699.02,9.57
2025-12-25 07:18:25.867388,87711.52,87729.44,87704.02,87717.56,11.43
2025-12-25 07:33:25.867388,87679.49,87704.19,87652.35,87677.95,5.58
2025-12-25 07:48:25.867387,87675.22,87686.49,87634.22,87672.75,7.37
2025-12-25 08:03:25.867386,87678.83,87691.25,87674.49,87665.39,20.09
2025-12-25 08:18:25.867385,87694.26,87698.23,87692.93,87704.34,20.75
2025-12-25 08:33:25.867385,87715.61,87739.67,87711.41,87729.4,9.81
2025-12-25 08:48:25.867384,87681.87,87689.42,87661.73,87672.33,9.42
2025-12-25 09:03:25.867383,87635.85,87657.99,87617.74,87620.44,16.6
2025-12-25 09:18:25.867382,87674.18,87714.01,87638.01,87675.22,10.65
2025-12-25 09:33:25.867382,87684.15,87711.94,87667.05,87698.26,14.53
2025-12-25 09:48:25.867381,87661.69,87677.64,87656.2,87661.57,16.82
2025-12-25 10:03:25.867380,87708.23,87722.72,87698.49,87704.56,6.42
2025-12-25 10:18:25.867380,87711.7,87736.14,87705.66,87713.69,21.22
2025-12-25 10:33:25.867379,87747.08,87762.29,87717.5,87757.45,18.09
2025-12-25 10:48:25.867378,87749.1,87776.51,87746.89,87752.3,13.5
2025-12-25 11:03:25.867377,87810.92,87837.83,87805.34,87803.61,11.08
2025-12-25 11:18:25.867377,87863.58,87873.35,87836.79,87852.1,19.84
2025-12-25 11:33:25.867376,87856.12,87873.6,87824.78,87845.49,19.25
2025-12-25 11:48:25.867375,87885.26,87893.28,87869.91,87889.88,12.42
2025-12-25 12:03:25.867374,87904.62,87939.22,87901.82,87898.64,15.89
2025-12-25 12:18:25.867374,87945.68,87967.97,87933.99,87950.91,20.61
2025-12-25 12:33:25.867373,87916.74,87942.42,87895.68,87900.85,19.29
2025-12-25 12:48:25.867372,87937.32,87965.25,87921.16,87939.82,15.28
2025-12-25 13:03:25.867371,87969.07,87972.16,87947.5,87979.89,14.23
2025-12-25 13:18:25.867371,87916.31,87946.26,87894.01,87921.28,19.58
2025-12-25 13:33:25.867370,87880.81,87896.58,87854.04,87875.45,11.91
2025-12-25 13:48:25.867369,87819.63,87845.03,87795.24,87827.42,19.54
2025-12-25 14:03:25.867364,87811.55,87837.89,87790.67,87787.64,8.26
2025-12-25 14:18:25.867363,87833.08,87852.33,87806.12,87841.57,12.69
2025-12-25 14:33:25.867362,87878.15,87897.54,87853.6,87885.89,21.34
2025-12-25 14:48:25.867362,87880.37,87890.36,87855.36,87880.87,6.03
2025-12-25 15:03:25.867361,87929.23,87967.42,87908.83,87926.85,21.0
2025-12-25 15:18:25.867360,87887.83,87910.52,87886.29,87898.8,7.63
2025-12-25 15:33:25.867359,87836.72,87845.55,87826.84,87840.49,20.93
2025-12-25 15:48:25.867359,87835.06,87863.16,87808.22,87821.4,16.43
2025-12-25 16:03:25.867358,87846.58,87867.28,87832.98,87836.55,12.06
2025-12-25 16:18:25.867357,87845.6,87854.58,87840.82,87856.73,19.65
2025-12-25 16:33:25.867356,87783.58,87796.72,87765.09,87776.54,13.66
2025-12-25 16:48:25.867356,87780.9,87810.22,87772.07,87793.26,6.13
2025-12-25 17:03:25.867355,87741.77,87767.18,87723.3,87755.64,17.65
2025-12-25 17:18:25.867354,87761.86,87793.32,87745.46,87748.6,20.02
2025-12-25 17:33:25.867353,87772.86,87789.91,87758.14,87767.79,24.61
2025-12-25 17:48:25.867352,87744.66,87747.97,87724.33,87737.07,8.59
2025-12-25 18:03:25.867351,87729.24,87764.38,87715.38,87722.82,11.93
2025-12-25 18:18:25.867351,87697.47,87734.48,87692.43,87690.97,9.11
2025-12-25 18:33:25.867350,87695.59,87698.11,87676.87,87705.07,24.37
2025-12-25 18:48:25.867349,87724.24,87731.38,87711.46,87726.01,6.51
2025-12-25 19:03:25.867348,87694.67,87713.84,87672.81,87696.64,17.47
2025-12-25 19:18:25.867348,87709.79,87721.66,87702.79,87718.09,5.3
2025-12-25 19:33:25.867347,87693.88,87725.78,87663.75,87678.13,10.42
2025-12-25 19:48:25.867346,87670.1,87699.36,87639.92,87672.81,23.93
2025-12-25 20:03:25.867345,87666.89,87684.74,87644.12,87683.53,18.6
2025-12-25 20:18:25.867345,87635.83,87663.08,87618.12,87635.39,16.66
2025-12-25 20:33:25.867344,87619.22,87635.95,87615.45,87618.12,21.8
2025-12-25 20:48:25.867343,87583.28,87608.26,87557.64,87573.09,24.54
2025-12-25 21:03:25.867342,87642.22,87653.58,87623.63,87645.39,13.68
2025-12-25 21:18:25.867342,87643.28,87665.18,87627.65,87627.22,19.47
2025-12-25 21:33:25.867341,87622.29,87642.45,87603.16,87637.97,9.84
2025-12-25 21:48:25.867340,87628.71,87661.61,87613.74,87631.34,8.99
2025-12-25 22:03:25.867339,87625.34,87648.93,87599.66,87618.35,9.95
2025-12-25 22:18:25.867339,87618.71,87630.01,87599.38,87611.55,19.65
2025-12-25 22:33:25.867338,87637.14,87673.29,87607.17,87641.21,21.46
2025-12-25 22:48:25.867337,87659.86,87684.39,87639.1,87667.29,9.01
2025-12-25 23:03:25.867336,87643.95,87678.12,87617.13,87645.49,6.37
2025-12-25 23:18:25.867335,87626.67,87663.79,87599.84,87624.58,16.69
2025-12-25 23:33:25.867335,87618.42,87621.24,87595.57,87626.52,18.33
2025-12-25 23:48:25.867334,87549.36,87566.67,87531.67,87563.9,17.6
2025-12-26 00:03:25.867333,87503.91,87532.21,87494.08,87487.75,17.99
2025-12-26 00:18:25.867332,87544.91,87545.27,87530.41,87553.51,13.88
2025-12-26 00:33:25.867331,87594.26,87607.36,87574.22,87602.19,7.11
2025-12-26 00:48:25.867331,87586.79,87606.63,87571.72,87601.23,18.1
2025-12-26 01:03:25.867330,87604.09,87617.1,87589.01,87609.51,22.63
2025-12-26 01:18:25.867329,87613.43,87623.04,87587.72,87623.11,7.21
2025-12-26 01:33:25.867328,87705.79,87715.71,87696.96,87706.79,15.71
2025-12-26 01:48:25.867328,87739.38,87742.78,87732.89,87726.15,21.57
2025-12-26 02:03:25.867327,87735.54,87748.86,87705.49,87724.09,15.11
2025-12-26 02:18:25.867326,87706.88,87713.24,87689.17,87698.36,16.07
2025-12-26 02:33:25.867325,87658.68,87664.67,87638.54,87662.86,21.76
2025-12-26 02:48:25.867325,87664.79,87693.26,87640.58,87670.85,13.78
2025-12-26 03:03:25.867324,87642.1,87651.06,87618.5,87632.22,18.88
2025-12-26 03:18:25.867323,87599.43,87624.78,87583.6,87596.48,8.31
2025-12-26 03:33:25.867322,87580.03,87601.15,87542.58,87577.22,12.09
2025-12-26 03:48:25.867322,87547.58,87571.83,87529.75,87544.5,15.38
2025-12-26 04:03:25.867321,87598.2,87604.02,87572.2,87596.74,9.68
2025-12-26 04:18:25.867320,87624.65,87638.72,87594.43,87645.53,13.32
2025-12-26 04:33:25.867319,87624.41,87657.83,87621.1,87635.27,8.43
2025-12-26 04:48:25.867319,87668.81,87699.36,87662.45,87668.84,22.41
2025-12-26 05:03:25.867318,87671.13,87696.62,87628.94,87673.65,7.34
2025-12-26 05:18:25.867317,87645.29,87656.12,87634.24,87641.21,18.84
2025-12-26 05:33:25.867316,87690.98,87706.25,87683.83,87689.66,15.16
2025-12-26 05:48:25.867315,87707.15,87728.92,87690.15,87706.65,20.86
2025-12-26 06:03:25.867315,87676.03,87695.58,87663.68,87696.32,18.77
2025-12-26 06:18:25.867314,87670.32,87699.91,87647.52,87687.91,21.72
2025-12-26 06:33:25.867313,87644.05,87667.67,87620.67,87623.2,20.83
2025-12-26 06:48:25.867312,87602.57,87620.7,87595.76,87600.54,22.1
2025-12-26 07:03:25.867312,87630.36,87649.45,87600.12,87628.51,21.07
2025-12-26 07:18:25.867311,87687.64,87700.66,87668.07,87688.22,6.34
2025-12-26 07:33:25.867310,87645.68,87662.92,87616.27,87650.64,6.33
2025-12-26 07:48:25.867309,87662.57,87683.01,87648.64,87664.68,12.51
2025-12-26 08:03:25.867309,87643.05,87660.1,87609.59,87632.27,12.01
2025-12-26 08:18:25.867308,87628.44,87641.55,87614.68,87626.59,12.39
2025-12-26 08:33:25.867307,87610.66,87648.28,87593.49,87623.56,5.17
2025-12-26 08:48:25.867306,87584.75,87614.43,87558.23,87573.37,14.68
2025-12-26 09:03:25.867305,87586.2,87608.89,87551.07,87600.17,20.03
2025-12-26 09:18:25.867305,87561.27,87585.42,87540.43,87575.38,7.81
2025-12-26 09:33:25.867304,87569.39,87600.13,87534.12,87562.18,8.9
2025-12-26 09:48:25.867303,87567.88,87593.17,87544.91,87572.51,23.16
2025-12-26 10:03:25.867302,87560.71,87586.12,87526.29,87568.55,16.58
2025-12-26 10:18:25.867302,87533.48,87556.59,87523.81,87537.46,14.48
2025-12-26 10:33:25.867301,87516.18,87526.3,87486.85,87509.88,9.83
2025-12-26 10:48:25.867300,87538.84,87548.76,87522.55,87524.79,23.16
2025-12-26 11:03:25.867299,87553.87,87560.15,87533.56,87556.09,12.66
2025-12-26 11:18:25.867299,87524.54,87539.75,87499.44,87534.85,20.92
2025-12-26 11:33:25.867298,87527.52,87556.79,87518.51,87528.51,17.73
2025-12-26 11:48:25.867297,87550.06,87569.54,87541.82,87541.11,8.82
2025-12-26 12:03:25.867296,87499.98,87509.85,87472.97,87484.72,18.24
2025-12-26 12:18:25.867296,87516.28,87542.46,87490.76,87522.54,20.22
2025-12-26 12:33:25.867295,87496.4,87506.91,87462.06,87491.8,10.19
2025-12-26 12:48:25.867294,87513.52,87532.86,87490.03,87497.87,5.78
2025-12-26 13:03:25.867293,87490.62,87498.27,87458.98,87497.33,24.92
2025-12-26 13:18:25.867292,87436.48,87453.56,87413.13,87439.64,9.98
2025-12-26 13:33:25.867292,87387.65,87400.58,87366.4,87399.27,21.13
2025-12-26 13:48:25.867291,87389.09,87400.98,87379.26,87386.65,5.45
2025-12-26 14:03:25.867290,87396.89,87429.03,87382.86,87378.77,18.09
2025-12-26 14:18:25.867289,87369.76,87396.16,87343.54,87383.05,20.25
2025-12-26 14:33:25.867289,87388.91,87419.63,87348.71,87398.58,16.74
2025-12-26 14:48:25.867288,87339.07,87362.37,87317.62,87339.31,20.13
2025-12-26 15:03:25.867287,87337.09,87374.77,87322.01,87323.55,16.94
2025-12-26 15:18:25.867286,87300.76,87315.22,87277.08,87279.76,9.23
2025-12-26 15:33:25.867286,87281.2,87312.39,87255.71,87288.12,6.07
2025-12-26 15:48:25.867285,87282.62,87318.6,87243.08,87277.57,18.55
2025-12-26 16:03:25.867284,87256.81,87282.39,87238.41,87256.82,18.82
2025-12-26 16:18:25.867283,87245.27,87252.51,87215.16,87258.69,10.51
2025-12-26 16:33:25.867283,87275.46,87299.5,87265.68,87263.4,19.1
2025-12-26 16:48:25.867282,87258.16,87281.89,87218.29,87252.85,21.75
2025-12-26 17:03:25.867281,87283.23,87308.46,87249.92,87291.69,21.06
2025-12-26 17:18:25.867280,87249.34,87274.33,87228.9,87254.92,14.77
2025-12-26 17:33:25.867279,87265.23,87274.2,87248.35,87248.68,23.43
2025-12-26 17:48:25.867279,87308.48,87333.86,87270.92,87324.21,12.1
2025-12-26 18:03:25.867278,87234.33,87246.25,87215.82,87243.64,22.66
2025-12-26 18:18:25.867277,87210.42,87233.03,87201.73,87216.65,22.26
2025-12-26 18:33:25.867276,87227.73,87246.07,87205.61,87218.78,21.05
2025-12-26 18:48:25.867276,87221.64,87251.6,87199.11,87229.84,24.47
2025-12-26 19:03:25.867275,87232.78,87264.7,87213.98,87230.95,6.34
2025-12-26 19:18:25.867274,87214.66,87229.81,87196.71,87207.19,6.42
2025-12-26 19:33:25.867273,87217.25,87230.66,87204.3,87199.95,7.02
2025-12-26 19:48:25.867273,87212.58,87230.27,87195.15,87210.17,24.46
2025-12-26 20:03:25.867272,87247.62,87250.59,87232.25,87241.49,10.99
2025-12-26 20:18:25.867271,87255.25,87285.77,87240.12,87251.73,10.13
2025-12-26 20:33:25.867270,87265.38,87299.07,87256.76,87261.58,11.85
2025-12-26 20:48:25.867269,87253.02,87276.34,87233.34,87244.54,11.05
2025-12-26 21:03:25.867269,87238.39,87271.91,87215.57,87240.76,15.11
2025-12-26 21:18:25.867268,87225.42,87234.79,87201.92,87215.38,10.47
2025-12-26 21:33:25.867267,87237.25,87248.78,87217.5,87218.39,21.45
2025-12-26 21:48:25.867266,87224.62,87240.68,87205.79,87218.26,14.17
2025-12-26 22:03:25.867266,87233.31,87258.73,87196.9,87244.61,22.24
2025-12-26 22:18:25.867265,87295.58,87322.39,87271.64,87276.3,21.8
2025-12-26 22:33:25.867264,87321.71,87329.87,87306.7,87338.74,14.85
2025-12-26 22:48:25.867263,87311.93,87331.18,87279.46,87311.31,12.23
2025-12-26 23:03:25.867262,87347.97,87365.23,87317.42,87342.7,20.25
2025-12-26 23:18:25.867262,87335.72,87336.08,87318.16,87332.72,24.03
2025-12-26 23:33:25.867261,87274.58,87297.2,87267.13,87271.07,17.89
2025-12-26 23:48:25.867260,87244.34,87291.18,87221.38,87229.17,12.44
2025-12-27 00:03:25.867259,87188.21,87199.29,87164.19,87175.3,10.57
2025-12-27 00:18:25.867259,87177.67,87200.58,87163.75,87172.28,21.51
2025-12-27 00:33:25.867258,87178.22,87202.02,87160.13,87178.89,7.86
2025-12-27 00:48:25.867257,87228.51,87252.96,87196.33,87223.38,12.35
2025-12-27 01:03:25.867256,87238.32,87259.48,87226.77,87242.34,8.5
2025-12-27 01:18:25.867255,87231.75,87256.43,87222.77,87238.56,9.36
2025-12-27 01:33:25.867254,87256.63,87273.02,87231.24,87259.59,17.55
2025-12-27 01:48:25.867254,87190.3,87214.05,87176.67,87194.88,14.17
2025-12-27 02:03:25.867253,87197.36,87210.22,87179.98,87205.66,5.8
2025-12-27 02:18:25.867252,87220.49,87240.22,87209.86,87213.81,9.76
2025-12-27 02:33:25.867251,87176.13,87195.44,87147.23,87192.04,8.09
2025-12-27 02:48:25.867250,87210.45,87228.39,87202.97,87205.45,16.94
2025-12-27 03:03:25.867250,87220.6,87252.32,87204.25,87214.61,15.21
2025-12-27 03:18:25.867249,87208.14,87217.04,87180.46,87210.3,15.2
2025-12-27 03:33:25.867248,87227.13,87240.62,87207.11,87227.69,13.76
2025-12-27 03:48:25.867247,87295.25,87310.12,87278.12,87298.12,5.5
2025-12-27 04:03:25.867247,87300.7,87305.17,87283.72,87303.19,10.62
2025-12-27 04:18:25.867246,87308.15,87319.21,87292.31,87296.85,21.03
2025-12-27 04:33:25.867245,87294.37,87328.66,87280.52,87297.62,9.74
2025-12-27 04:48:25.867244,87268.87,87284.41,87242.02,87287.36,23.58
2025-12-27 05:03:25.867244,87293.78,87307.38,87275.44,87309.12,9.69
2025-12-27 05:18:25.867243,87268.1,87289.48,87250.05,87267.46,24.23
2025-12-27 05:33:25.867242,87270.25,87295.3,87248.29,87277.2,18.57
2025-12-27 05:48:25.867241,87255.92,87261.29,87227.23,87251.36,23.94
2025-12-27 06:03:25.867241,87270.29,87293.6,87244.95,87260.66,24.27
2025-12-27 06:18:25.867240,87280.3,87290.49,87251.54,87295.02,24.8
2025-12-27 06:33:25.867239,87311.42,87320.54,87304.22,87310.34,10.22
2025-12-27 06:48:25.867238,87296.12,87308.13,87266.16,87291.46,23.71
2025-12-27 07:03:25.867237,87288.03,87303.34,87279.57,87277.07,24.36
2025-12-27 07:18:25.867236,87258.66,87281.65,87237.81,87228.75,9.93
2025-12-27 07:33:25.867236,87245.33,87286.09,87229.06,87253.58,16.56
2025-12-27 07:48:25.867235,87256.65,87284.81,87246.14,87274.13,13.05
2025-12-27 08:03:25.867234,87279.36,87296.66,87253.42,87268.32,8.81
2025-12-27 08:18:25.867233,87251.7,87280.94,87236.99,87241.13,13.6
2025-12-27 08:33:25.867233,87277.79,87300.08,87240.66,87277.16,11.0
2025-12-27 08:48:25.867232,87318.46,87319.95,87312.14,87338.33,8.29
2025-12-27 09:03:25.867231,87330.86,87352.09,87320.94,87328.09,19.66
2025-12-27 09:18:25.867230,87387.16,87414.31,87361.73,87389.16,21.42
2025-12-27 09:33:25.867229,87363.95,87403.04,87335.85,87361.78,11.54
2025-12-27 09:48:25.867229,87326.61,87355.2,87307.84,87327.54,16.54
2025-12-27 10:03:25.867228,87273.25,87282.97,87254.22,87274.74,19.78
2025-12-27 10:18:25.867227,87318.13,87331.33,87297.41,87316.01,15.65
2025-12-27 10:33:25.867226,87337.76,87340.32,87311.94,87337.1,11.95
2025-12-27 10:48:25.867226,87336.09,87360.6,87320.23,87354.97,9.53
2025-12-27 11:03:25.867225,87344.49,87350.33,87317.96,87325.84,21.47
2025-12-27 11:18:25.867224,87310.73,87341.01,87291.66,87323.98,12.02
2025-12-27 11:33:25.867223,87384.1,87415.63,87369.28,87373.32,6.69
2025-12-27 11:48:25.867223,87387.98,87401.61,87383.17,87359.65,21.82
2025-12-27 12:03:25.867222,87391.26,87405.7,87384.27,87396.1,12.69
2025-12-27 12:18:25.867221,87413.03,87437.65,87411.73,87409.15,23.65
2025-12-27 12:33:25.867220,87427.46,87450.82,87387.89,87427.19,13.15
2025-12-27 12:48:25.867220,87434.18,87449.04,87409.64,87424.35,24.42
2025-12-27 13:03:25.867219,87410.46,87447.7,87385.47,87409.11,7.33
2025-12-27 13:18:25.867218,87424.61,87437.54,87398.5,87426.18,18.24
2025-12-27 13:33:25.867217,87481.07,87498.9,87467.37,87459.21,21.67
2025-12-27 13:48:25.867216,87521.43,87552.87,87497.18,87533.4,12.47
2025-12-27 14:03:25.867216,87569.23,87584.57,87552.11,87558.53,18.52
2025-12-27 14:18:25.867215,87553.89,87556.02,87539.44,87555.93,12.91
2025-12-27 14:33:25.867214,87524.2,87540.43,87507.7,87512.2,22.59
2025-12-27 14:48:25.867213,87520.43,87537.51,87515.57,87523.64,15.05
2025-12-27 15:03:25.867213,87522.1,87545.63,87504.66,87535.8,13.06
2025-12-27 15:18:25.867212,87554.93,87589.22,87532.9,87571.24,18.55
2025-12-27 15:33:25.867211,87504.15,87540.42,87489.18,87501.17,21.66
2025-12-27 15:48:25.867210,87550.04,87572.78,87518.03,87551.44,13.63
2025-12-27 16:03:25.867209,87545.3,87572.62,87527.43,87551.84,14.68
2025-12-27 16:18:25.867209,87532.49,87547.76,87532.0,87533.93,16.46
2025-12-27 16:33:25.867208,87502.13,87519.87,87482.98,87517.2,11.92
2025-12-27 16:48:25.867207,87452.48,87465.56,87422.06,87458.32,23.94
2025-12-27 17:03:25.867206,87477.18,87510.64,87461.92,87477.91,18.19
2025-12-27 17:18:25.867206,87479.38,87496.01,87466.67,87482.99,23.77
2025-12-27 17:33:25.867205,87440.68,87465.11,87432.2,87433.53,15.93
2025-12-27 17:48:25.867204,87401.83,87411.54,87393.44,87398.99,8.42
2025-12-27 18:03:25.867203,87391.75,87426.71,87376.51,87383.35,5.33
2025-12-27 18:18:25.867202,87441.82,87459.58,87411.34,87458.38,8.26
2025-12-27 18:33:25.867202,87434.04,87450.3,87419.11,87428.1,5.79
2025-12-27 18:48:25.867201,87388.94,87407.88,87388.03,87402.12,5.57
2025-12-27 19:03:25.867200,87381.57,87399.74,87361.26,87374.8,5.81
2025-12-27 19:18:25.867199,87373.39,87403.43,87370.7,87388.34,24.48
2025-12-27 19:33:25.867198,87292.48,87295.14,87269.07,87282.29,23.08
2025-12-27 19:48:25.867198,87290.85,87320.2,87262.38,87269.58,6.01
2025-12-27 20:03:25.867197,87283.92,87316.03,87266.61,87278.02,9.52
2025-12-27 20:18:25.867196,87304.81,87331.36,87285.92,87295.84,11.75
2025-12-27 20:33:25.867195,87360.28,87387.05,87348.03,87360.17,13.84
2025-12-27 20:48:25.867195,87394.08,87407.5,87384.46,87377.76,15.6
2025-12-27 21:03:25.867194,87386.01,87408.53,87377.87,87392.09,8.08
2025-12-27 21:18:25.867193,87352.81,87379.96,87337.4,87345.87,12.22
2025-12-27 21:33:25.867192,87430.01,87466.99,87418.66,87445.69,8.87
2025-12-27 21:48:25.867191,87431.79,87443.2,87424.96,87439.55,22.72
2025-12-27 22:03:25.867191,87432.21,87449.08,87406.11,87427.52,9.81
2025-12-27 22:18:25.867190,87431.48,87437.2,87401.73,87436.64,18.46
2025-12-27 22:33:25.867189,87437.43,87453.67,87405.6,87442.24,12.21
2025-12-27 22:48:25.867188,87433.1,87446.14,87425.06,87442.03,6.62
2025-12-27 23:03:25.867187,87415.89,87441.94,87384.73,87426.41,10.79
2025-12-27 23:18:25.867186,87399.48,87421.72,87356.66,87393.3,13.22
2025-12-27 23:33:25.867185,87398.5,87400.14,87386.34,87409.94,9.03
2025-12-27 23:48:25.867185,87382.19,87404.29,87360.34,87386.45,21.47
2025-12-28 00:03:25.867184,87360.81,87395.51,87337.86,87367.44,10.06
2025-12-28 00:18:25.867183,87364.0,87376.76,87335.0,87368.51,11.49
2025-12-28 00:33:25.867182,87356.35,87385.37,87319.47,87372.59,16.51
2025-12-28 00:48:25.867181,87401.47,87430.65,87398.04,87396.23,20.37
2025-12-28 01:03:25.867180,87321.94,87349.23,87312.32,87328.13,19.94
2025-12-28 01:18:25.867178,87354.69,87361.53,87331.85,87344.81,21.99
2025-12-28 01:33:25.867167,87392.07,87409.21,87390.92,87389.98,14.31
