timestamp,symbol,side,price,quantity,entry_price,exit_price,pnl,metadata
1766921079.352675,BTCUSDT,BUY,87892.69,0.001,87892.69,,,{'order_id': 15995195}
1766923870.1366231,BTCUSDT,SELL,87823.18,0.001,87892.69,87823.18,-0.06951000000000931,{'order_id': 15998158}
1766923991.689885,BTCUSDT,BUY,87847.17,0.001,87847.17,,,{'order_id': 15998326}
1766924294.488341,BTCUSDT,SELL,87827.42,0.001,87847.17,87827.42,-0.01975,{'order_id': 15998627}
1766924537.91583,BTCUSDT,BUY,87849.14,0.001,87849.14,,,{'order_id': 15998908}
1766925639.73057,BTCUSDT,SELL,87819.95,0.001,87849.14,87819.95,-0.02919000000000233,{'order_id': 16000053}
1766926669.232502,BTCUSDT,BUY,87867.03,0.001,87867.03,,,{'order_id': 16001147}
1766926852.0291998,BTCUSDT,SELL,87850.59,0.001,87867.03,87850.59,-0.016440000000002328,{'order_id': 16001338}
1766926913.372582,BTCUSDT,BUY,87865.53,0.001,87865.53,,,{'order_id': 16001436}
1766927775.700522,BTCUSDT,SELL,87849.62,0.001,87865.53,87849.62,-0.015910000000003494,{'order_id': 16002721}
1766928140.248502,BTCUSDT,BUY,87887.92,0.001,87887.92,,,{'order_id': 16003364}
1766928625.424656,BTCUSDT,SELL,87868.02,0.001,87887.92,87868.02,-0.01989999999999418,{'order_id': 16003995}
1766928686.763892,BTCUSDT,BUY,87886.0,0.001,87886.0,,,{'order_id': 16004122}
1766934049.7894871,BTCUSDT,SELL,87888.0,0.001,87886.0,87888.0,0.002,{'order_id': 16011473}
1766934111.0167968,BTCUSDT,BUY,87900.61,0.001,87900.61,,,{'order_id': 16011598}
1766937289.463999,BTCUSDT,SELL,87854.03,0.001,87900.61,87854.03,-0.046580000000001745,{'order_id': 16015686}
1766941913.6963909,BTCUSDT,BUY,87892.69,0.001,87892.69,,,{'order_id': 16021458}
1766943010.641974,BTCUSDT,SELL,87892.68,0.001,87892.69,87892.68,-1.0000000009313226e-05,{'order_id': 16022786}
1767377865.5960882,BTCUSDT,BUY,90368.0,0.001,90368.0,,,{'order_id': 17004624}
1769230933.4703739,BTCUSDT,BUY,89829.36,0.001,89829.36,,,{'order_id': 3095386}
